query_objectid,output_csv,top_k,seed
565,multiple_queries/query_results_565.csv,6,20260313
1174,multiple_queries/query_results_1174.csv,6,20260313
426,multiple_queries/query_results_426.csv,6,20260313
6,multiple_queries/query_results_6.csv,6,20260313
1129,multiple_queries/query_results_1129.csv,6,20260313
86,multiple_queries/query_results_86.csv,6,20260313
447,multiple_queries/query_results_447.csv,6,20260313
98,multiple_queries/query_results_98.csv,6,20260313
1155,multiple_queries/query_results_1155.csv,6,20260313
72,multiple_queries/query_results_72.csv,6,20260313
